subject_id,sleep_date,lifelog_date,Q1,Q2,Q3,S1,S2,S3,S4
id01,2024-07-31,2024-07-30,0.4097892296148695,0.5991865030980562,0.9,0.641149601253046,0.7825201202823274,0.9,0.7825706911565514
id01,2024-08-01,2024-07-31,0.25500178497953213,0.6655173525385039,0.1,0.9,0.8753599979353223,0.9,0.7803365159763616
id01,2024-08-02,2024-08-01,0.1,0.8220086185785256,0.8668347815983791,0.9,0.7278071753301563,0.9,0.7482002596557074
id01,2024-08-03,2024-08-02,0.28468973365766587,0.6984262744139443,0.7878088533160951,0.9,0.8370843922484459,0.9,0.8701515061052233
id01,2024-08-04,2024-08-03,0.7996418287226773,0.9,0.8917414740091695,0.9,0.42183020954022976,0.8754955264070602,0.43092805376026716
id01,2024-08-06,2024-08-05,0.11011599173300553,0.7404634086262877,0.8274524736226521,0.9,0.9,0.9,0.8000444739744496
id01,2024-08-07,2024-08-06,0.3936806266159577,0.4731029804566935,0.5598680756317321,0.760701687027341,0.8011052674138724,0.9,0.6877392150223661
id01,2024-08-09,2024-08-08,0.5070205450040118,0.8865250584894966,0.9,0.9,0.9,0.9,0.6064593506809746
id01,2024-08-10,2024-08-09,0.609395848775045,0.7017802948915783,0.20539028602161827,0.9,0.9,0.9,0.8249867031847575
id01,2024-08-12,2024-08-11,0.1,0.8147312531326819,0.7788164524510455,0.7407086079094107,0.48484170628041573,0.724259529422477,0.6933368618666844
id01,2024-08-13,2024-08-12,0.21779771141242735,0.4919113707436664,0.27636736656059047,0.8776693564196382,0.8319646930809472,0.9,0.9
id01,2024-08-14,2024-08-13,0.1,0.6322349862131027,0.9,0.8993880722109621,0.8731052752495339,0.9,0.5374392878140299
id01,2024-08-15,2024-08-14,0.4542863600392436,0.19356219015708287,0.1,0.5019768571987804,0.7438624589730907,0.9,0.33287400998085587
id01,2024-08-17,2024-08-16,0.20068871767588486,0.5363078767521078,0.5715765022567335,0.9,0.8252808638302432,0.9,0.6997405697331285
id01,2024-09-02,2024-09-01,0.47086711485135985,0.9,0.5754795027246055,0.9,0.7716430144380053,0.559480666227135,0.6675663620096766
id01,2024-09-03,2024-09-02,0.20003408611618348,0.8749488052491112,0.8106224728729148,0.3686394473969781,0.43907309481023477,0.732443662957481,0.19180361547914898
id01,2024-09-04,2024-09-03,0.1003714905565541,0.7396584600417475,0.7214451380030433,0.7912099614827688,0.8620598635188257,0.8951535335323557,0.9
id01,2024-09-05,2024-09-04,0.4969256113668512,0.32833601576356264,0.6772547259816656,0.25585681267513044,0.7082757530486444,0.9,0.3071799083787419
id01,2024-09-07,2024-09-06,0.294947283878793,0.8237908263981608,0.9,0.9,0.7063691826491865,0.8398824590121065,0.8283631753884179
id01,2024-09-08,2024-09-07,0.7841744366622465,0.8721738328468164,0.9,0.9,0.669746830048486,0.8941380954201416,0.5175748484223005
id01,2024-09-09,2024-09-08,0.2026824113327766,0.9,0.6837469538229766,0.6567864453750766,0.5185394216308793,0.7980635536325092,0.34893007936737935
id01,2024-09-10,2024-09-09,0.4799589037339999,0.566228716404866,0.7947234868243405,0.7265547396551296,0.9,0.6881879561861555,0.8255124722175118
id01,2024-09-11,2024-09-10,0.3068183661526918,0.607704581245762,0.5889283343744808,0.4902336439309025,0.8341115781946613,0.8336835945377684,0.5285880517687895
id01,2024-09-12,2024-09-11,0.23439771438515078,0.794507160085899,0.9,0.6764066163116801,0.7540577565361145,0.7271230734287619,0.49296125295693405
id01,2024-09-13,2024-09-12,0.1710289833177079,0.5260730921704482,0.8122325489538301,0.2848844570156863,0.7278659712970288,0.9,0.7699491912505545
id01,2024-09-14,2024-09-13,0.1688305839972027,0.22908555680453824,0.8120913850514826,0.8046159921231757,0.7249685198084446,0.8559772945048989,0.37394148341291805
id01,2024-09-15,2024-09-14,0.4378692375788627,0.5614025491840402,0.8578848782539251,0.8905109269598798,0.23811999697159628,0.73701134156244,0.49185256976775515
id02,2024-08-26,2024-08-25,0.476255151883022,0.8700525462001788,0.6980658488803608,0.880024159048022,0.8916927725919633,0.9,0.799002143514732
id02,2024-08-27,2024-08-26,0.6429363288460755,0.9,0.6603707513070408,0.8857066062887669,0.9,0.8896665801922523,0.7777539571983654
id02,2024-08-28,2024-08-27,0.28615810890403176,0.6584983428914731,0.7754388354324029,0.9,0.9,0.9,0.5380632749812547
id02,2024-08-29,2024-08-28,0.4370693066461712,0.47388092233707685,0.6465594255091305,0.6051627081967639,0.9,0.9,0.6725220626080536
id02,2024-08-30,2024-08-29,0.8814386051794073,0.6893548085197597,0.7621288479240104,0.9,0.9,0.9,0.34537147078270847
id02,2024-08-31,2024-08-30,0.5461768620302802,0.7013119227055544,0.8928810608636032,0.9,0.8176605373378473,0.8999457785704237,0.5190060679700308
id02,2024-09-01,2024-08-31,0.6136789148155823,0.7073667692961091,0.7655195621683295,0.9,0.9,0.9,0.7993793237004891
id02,2024-09-02,2024-09-01,0.5558152887405567,0.4294455175708459,0.7785751651794729,0.6836598240787176,0.9,0.9,0.739154912407889
id02,2024-09-03,2024-09-02,0.7188284966759082,0.8899227959673599,0.7345379219233976,0.8500576794184425,0.9,0.843965563853502,0.5612347612192902
id02,2024-09-04,2024-09-03,0.459542717387483,0.640812003298056,0.6678359223240365,0.882607492497383,0.9,0.5589915123371989,0.8407432851145449
id02,2024-09-05,2024-09-04,0.7769473875327738,0.9,0.629059810721851,0.9,0.8153188849840235,0.8711332686706552,0.5292566804699818
id02,2024-09-06,2024-09-05,0.44747234725340784,0.7399931634878156,0.7112365260932387,0.9,0.9,0.9,0.7298102728381465
id02,2024-09-07,2024-09-06,0.7314199049870116,0.9,0.9,0.9,0.9,0.4933809968426428,0.662783423063148
id02,2024-09-08,2024-09-07,0.553122201512855,0.8778040931527517,0.9,0.9,0.8998601496331585,0.9,0.8034896792005966
id02,2024-09-09,2024-09-08,0.7142232280576735,0.9,0.8431463028585492,0.9,0.9,0.8736452604985852,0.7431144172265662
id02,2024-09-10,2024-09-09,0.5686321933368168,0.4946553742527604,0.616904987269533,0.8156683191100994,0.9,0.9,0.8410169707869625
id02,2024-09-29,2024-09-28,0.5758149370550546,0.9,0.9,0.9,0.9,0.8483135621332042,0.8921677466780907
id02,2024-09-30,2024-09-29,0.7093371678664756,0.7685966237307449,0.9,0.9,0.9,0.9,0.43124686749418245
id02,2024-10-01,2024-09-30,0.6234047610098984,0.8415948223249466,0.8159108559921328,0.9,0.9,0.9,0.9
id02,2024-10-03,2024-10-02,0.36839723115244954,0.8508687901603909,0.6207787986998224,0.8865417962817375,0.9,0.7912551197183948,0.7072154705968136
id02,2024-10-04,2024-10-03,0.5152173887473923,0.6743350539167955,0.5578528337418482,0.889122890625683,0.9,0.9,0.589270655623736
id02,2024-10-05,2024-10-04,0.6500582796555135,0.9,0.9,0.9,0.9,0.7741093230491682,0.7923910212462301
id02,2024-10-06,2024-10-05,0.21924437102540606,0.8098197356459419,0.9,0.8747370417643753,0.742285696487486,0.7326375671241432,0.21647276427142798
id02,2024-10-07,2024-10-06,0.5238992339259654,0.9,0.7203498778374524,0.9,0.9,0.8120596846540609,0.8512465966921386
id02,2024-10-08,2024-10-07,0.14138130436425128,0.7320162189724282,0.45429969972748785,0.5557866482799734,0.846114007459931,0.9,0.5951524978622478
id02,2024-10-09,2024-10-08,0.5982277853548877,0.9,0.4194870487840209,0.9,0.9,0.9,0.5840628517655966
id02,2024-10-10,2024-10-09,0.2919282058542211,0.8299692226556853,0.9,0.9,0.9,0.9,0.7595864995963554
id02,2024-10-12,2024-10-11,0.8741045733781372,0.9,0.9,0.8638762277308123,0.8905306521216823,0.8449169355617279,0.7287563510609624
id02,2024-10-13,2024-10-12,0.7733443408825359,0.6103585055820491,0.9,0.9,0.7629286638759168,0.7837493137240862,0.26664510152511384
id02,2024-10-14,2024-10-13,0.1,0.860361332712747,0.9,0.9,0.9,0.8958421288237448,0.8569076758539733
id02,2024-10-15,2024-10-14,0.5857841972191459,0.43413077386794935,0.8309136831132984,0.9,0.9,0.8156772030987967,0.805930401469666
id02,2024-10-16,2024-10-15,0.7007221514513133,0.6378875667055599,0.5900924935512852,0.9,0.8991579937657571,0.7660764294363309,0.6077875315585595
id03,2024-08-17,2024-08-16,0.9,0.9,0.824636050609204,0.8949756494990211,0.8471420901176735,0.5122663075224063,0.12369477219612923
id03,2024-08-18,2024-08-17,0.9,0.9,0.8339662106491936,0.9,0.30756030561530256,0.14098833099338967,0.1
id03,2024-08-19,2024-08-18,0.9,0.9,0.7117862185486405,0.9,0.5981911137605563,0.193198493871598,0.2048241209792623
id03,2024-08-20,2024-08-19,0.8940101981216828,0.9,0.7025651659239044,0.8174906730318795,0.1792595454756558,0.8244009781939117,0.1
id03,2024-08-21,2024-08-20,0.9,0.9,0.4689457438956762,0.8991432479989058,0.1839072674872762,0.47541247745690585,0.1
id03,2024-08-23,2024-08-22,0.9,0.9,0.6818477889146474,0.8907483297974446,0.4330231557086267,0.9,0.1
id03,2024-08-24,2024-08-23,0.9,0.9,0.4506042054691008,0.9,0.7886779393451058,0.37010059991674876,0.21138917542025512
id03,2024-08-25,2024-08-24,0.9,0.9,0.6422812753688864,0.9,0.6886731703484674,0.140048471784739,0.27142792853656666
id03,2024-08-27,2024-08-26,0.8179496068440444,0.9,0.8954271296356214,0.9,0.35837690405981326,0.1591820082283767,0.17224143671608563
id03,2024-08-28,2024-08-27,0.9,0.8972647269329379,0.6933496289247333,0.9,0.268948899144382,0.1739551480569503,0.1933832926774045
id03,2024-08-29,2024-08-28,0.9,0.9,0.8330294054121886,0.7687133661397813,0.6752235708693727,0.38674836721494155,0.13216536152891703
id03,2024-09-16,2024-09-15,0.9,0.9,0.6086511260821018,0.9,0.44411312692871935,0.1729748676563756,0.45492436394301805
id03,2024-09-17,2024-09-16,0.9,0.9,0.7271190335822229,0.9,0.7857447835243347,0.16226322830111578,0.11007771962923532
id03,2024-09-18,2024-09-17,0.8567263161188089,0.9,0.6522455459670549,0.8278779553029219,0.287021381947415,0.5694641886184566,0.12432561007030345
id03,2024-09-19,2024-09-18,0.9,0.9,0.672681548867016,0.9,0.3448951022489734,0.29399074112917567,0.16163155916666044
id03,2024-09-21,2024-09-20,0.9,0.9,0.8394221926690117,0.9,0.42862736759023706,0.16567881835386164,0.12956049541261727
id03,2024-09-22,2024-09-21,0.9,0.9,0.7748727146396138,0.9,0.39079403337138374,0.1,0.22461846372805422
id03,2024-10-04,2024-10-03,0.9,0.9,0.722881578303249,0.9,0.5157165236954876,0.5339254959206126,0.2631977761304892
id03,2024-10-05,2024-10-04,0.8694802958853818,0.9,0.8271632131122565,0.9,0.6343887247284553,0.20660755018517024,0.16532354529573218
id03,2024-10-06,2024-10-05,0.8614207865244401,0.9,0.7464767773163975,0.9,0.5893779066000038,0.1,0.1963844149456298
id03,2024-10-10,2024-10-09,0.9,0.9,0.8312768811294513,0.8656383712846634,0.3409545215605828,0.3232901927383573,0.1
id04,2024-09-10,2024-09-09,0.2071214430886669,0.51994785995203,0.6882237986072048,0.8850492404676163,0.656667011986535,0.6619305124219594,0.15906809989718285
id04,2024-09-12,2024-09-11,0.45227570213797436,0.6219780646388173,0.267250841953582,0.9,0.6706066683633877,0.45631482405208373,0.3108015449129368
id04,2024-09-13,2024-09-12,0.4483914848881879,0.19010841007804882,0.9,0.9,0.6086040791685442,0.8248537840428469,0.632236381366338
id04,2024-09-14,2024-09-13,0.5351785360073958,0.11081352549515772,0.859669967127128,0.9,0.873693778702923,0.7682212186995909,0.6705418671595302
id04,2024-09-15,2024-09-14,0.3190314511397838,0.1,0.6171054081817001,0.9,0.8684467052310109,0.36845719807933763,0.7057191572836174
id04,2024-09-16,2024-09-15,0.28627482133131865,0.1,0.7769578831056632,0.9,0.8157759419871241,0.9,0.7564366760065037
id04,2024-09-19,2024-09-18,0.8212403410431285,0.1821685830209403,0.9,0.9,0.9,0.20028503952528626,0.8069177152306233
id04,2024-09-20,2024-09-19,0.8024372041151142,0.8086503780773275,0.9,0.9,0.5288610719309564,0.8479004669131128,0.16913200241361745
id04,2024-09-21,2024-09-20,0.6382118043353805,0.6849696517726398,0.9,0.9,0.8807876423475536,0.3461950979167943,0.8289497490987512
id04,2024-09-23,2024-09-22,0.8639992969609537,0.14949051974816635,0.9,0.9,0.828193956162915,0.46821938612592556,0.7296261829773812
id04,2024-09-24,2024-09-23,0.5459593598593345,0.7274063559254407,0.864367878347143,0.9,0.9,0.762491330255695,0.5045050963244773
id04,2024-09-25,2024-09-24,0.34501447907528804,0.42114189758978837,0.8959466064668178,0.9,0.8819999912084107,0.10964112741953987,0.47211465492020044
id04,2024-09-26,2024-09-25,0.6816103839848645,0.5249539863268432,0.9,0.8774085441695424,0.7393402859770136,0.7671413215983984,0.44573330660322813
id04,2024-09-27,2024-09-26,0.7517830114544704,0.5561146376212744,0.9,0.9,0.8609780060684586,0.6719581432283811,0.8580655770695775
id04,2024-10-15,2024-10-14,0.6576567867827992,0.7287785481388429,0.9,0.9,0.9,0.6516272127509013,0.9
id04,2024-10-16,2024-10-15,0.8805440185835897,0.5975151091101196,0.9,0.9,0.7312902200194484,0.24946749330987733,0.5194557569351546
id04,2024-10-17,2024-10-16,0.7658720698762418,0.7174210502233002,0.9,0.9,0.9,0.47557647836691996,0.5729193797054888
id04,2024-10-18,2024-10-17,0.7111668853898657,0.5187286364339382,0.9,0.9,0.9,0.1,0.5248149519313852
id04,2024-10-19,2024-10-18,0.9,0.49541886827454124,0.898408914299135,0.9,0.9,0.769869166617459,0.5061602543039446
id04,2024-10-20,2024-10-19,0.5468391460823618,0.3501883187310862,0.8397110916371455,0.9,0.8325234857662783,0.7785331020550232,0.37294514798233436
id04,2024-10-22,2024-10-21,0.8189796352792418,0.9,0.9,0.9,0.8363898400568927,0.35570755560335426,0.5963603227305843
id04,2024-10-24,2024-10-23,0.8497463209707227,0.6333967535903331,0.9,0.9,0.8163164447368011,0.5470823794722314,0.3700941774927079
id04,2024-10-25,2024-10-24,0.7932842115460469,0.5236024535143788,0.9,0.9,0.8613397430827398,0.6006455832756753,0.7679728225496949
id04,2024-10-26,2024-10-25,0.8757700820241099,0.7050136266773573,0.5830186132624446,0.9,0.8139414185256129,0.23440288965647496,0.1
id04,2024-10-28,2024-10-27,0.8244775843365015,0.10434179934234121,0.9,0.9,0.9,0.6276262552668562,0.7646954131464205
id04,2024-10-29,2024-10-28,0.5577789143918368,0.5414789269298662,0.9,0.9,0.9,0.6128391859400028,0.7240835235278127
id04,2024-10-30,2024-10-29,0.461318935033129,0.68745263432139,0.9,0.9,0.8547345521374169,0.4720590060926322,0.7320716401021328
id05,2024-09-29,2024-09-28,0.9,0.15929737399919222,0.9,0.7036218716672238,0.2581283251964093,0.1,0.5152590325341186
id05,2024-09-30,2024-09-29,0.5758061836231576,0.6691359889567431,0.9,0.24749581950834834,0.3337177966210493,0.10492325175458267,0.20590340192680967
id05,2024-10-01,2024-09-30,0.797917381872799,0.6730634565877467,0.8394531848949832,0.44988046070900306,0.4029622268872336,0.1,0.5972317005867289
id05,2024-10-02,2024-10-01,0.9,0.719366831361322,0.7588485407844358,0.8308772890447018,0.1,0.1,0.6281414477768106
id05,2024-10-05,2024-10-04,0.38760436135466175,0.6561436014331129,0.6418091318182526,0.1,0.1000738822520144,0.17675958034211564,0.11847633260483569
id05,2024-10-06,2024-10-05,0.9,0.31420407461026145,0.4667724241740071,0.48311055779641365,0.2766922411163148,0.2104359312378909,0.6636897479985739
id05,2024-10-07,2024-10-06,0.7185844362450773,0.5074108948391736,0.6743317081384248,0.46103295081596934,0.3224425203445189,0.1,0.5487389675323366
id05,2024-10-11,2024-10-10,0.8340442346486183,0.49583092336344914,0.5420465707320034,0.6888034949813492,0.35629632839483516,0.3037621127343285,0.12181695602357617
id05,2024-10-14,2024-10-13,0.5623958868463008,0.4942043799787911,0.7904109509946243,0.3370044172138875,0.21504052426337225,0.5943040955819923,0.519525527750583
id05,2024-10-16,2024-10-15,0.4420388422133046,0.6241957349469812,0.7315381562028668,0.6290082178569691,0.12607268863146123,0.35554546596775666,0.4485091065696488
id05,2024-10-17,2024-10-16,0.8465003870484893,0.12039518748712442,0.5416804455532815,0.397701287660606,0.12590059327838332,0.4575693866027188,0.1
id05,2024-10-18,2024-10-17,0.9,0.34932640480848953,0.9,0.49545878984217795,0.10579789060845474,0.1,0.5444674873062052
id05,2024-11-07,2024-11-06,0.8083648849244356,0.6061698982677262,0.9,0.5449161530966725,0.5753877720363737,0.5454316738493996,0.35761514528957555
id05,2024-11-08,2024-11-07,0.6673704040624064,0.30936398338775917,0.794313443156323,0.8872815304771111,0.3451277359597509,0.1,0.6428158875061815
id05,2024-11-13,2024-11-12,0.7248254466087052,0.556939793823435,0.9,0.21231680802328848,0.34832372472746487,0.17256699769446404,0.4333101311632291
id05,2024-11-14,2024-11-13,0.8545080745800128,0.7307577801555364,0.9,0.34930544382812456,0.3825480809612066,0.5069634760780803,0.4969618832682666
id05,2024-11-16,2024-11-15,0.8857958100108305,0.3134838932983559,0.8465172216752761,0.9,0.41032163981651404,0.1108758256068052,0.4522597659387521
id05,2024-11-17,2024-11-16,0.8979180769106377,0.2975023343365659,0.8160720395365282,0.9,0.10546070848614271,0.1,0.5050668085726574
id05,2024-11-18,2024-11-17,0.9,0.24724555708862048,0.9,0.8591902128724926,0.16063927992507673,0.1,0.8400551811435272
id05,2024-11-19,2024-11-18,0.9,0.41687905278398446,0.9,0.5843298343545014,0.2373033568228776,0.12646868071539769,0.8437667503536788
id05,2024-11-20,2024-11-19,0.9,0.24531777919280728,0.9,0.7858727014759023,0.12896695004075232,0.1,0.4472240416940638
id06,2024-07-07,2024-07-06,0.44579801971319805,0.7112651639450196,0.7916858518581776,0.9,0.9,0.9,0.8745182176515589
id06,2024-07-08,2024-07-07,0.16601997926435075,0.8117563771338804,0.7711337447347463,0.9,0.9,0.9,0.9
id06,2024-07-09,2024-07-08,0.24098832987491267,0.9,0.9,0.9,0.9,0.9,0.9
id06,2024-07-10,2024-07-09,0.1,0.8131796255765015,0.6880302732550511,0.9,0.9,0.9,0.9
id06,2024-07-11,2024-07-10,0.10894811130359197,0.8135037732335996,0.9,0.9,0.9,0.9,0.6440794233082914
id06,2024-07-12,2024-07-11,0.18573869196972767,0.7447599122716283,0.7202193724435983,0.9,0.9,0.9,0.9
id06,2024-07-13,2024-07-12,0.23834904287242398,0.7678330416595887,0.8186979710024218,0.9,0.9,0.9,0.9
id06,2024-07-14,2024-07-13,0.16249448407113076,0.6583998486961572,0.7577549226407516,0.9,0.9,0.9,0.9
id06,2024-07-16,2024-07-15,0.5480856289379019,0.2274985486241619,0.7885487650530111,0.9,0.9,0.9,0.9
id06,2024-07-17,2024-07-16,0.11162378421967666,0.7644484662635586,0.7770480049515555,0.9,0.9,0.9,0.9
id06,2024-07-18,2024-07-17,0.1504310745721226,0.7580001861578695,0.6241343997315515,0.9,0.9,0.9,0.8815100471742885
id06,2024-07-19,2024-07-18,0.185698217702901,0.7290387523772638,0.8414849915533504,0.9,0.9,0.9,0.7410894503037629
id06,2024-07-21,2024-07-20,0.682584626153578,0.5485215354836035,0.9,0.9,0.8636596234472591,0.9,0.5766591470206104
id06,2024-08-10,2024-08-09,0.1,0.8786202416129941,0.5486970809870966,0.9,0.9,0.9,0.8719189473549218
id06,2024-08-12,2024-08-11,0.1,0.9,0.8574374136089102,0.9,0.9,0.9,0.8817127503611626
id06,2024-08-13,2024-08-12,0.1,0.8137483400774136,0.5675219571444476,0.9,0.8072415683490006,0.9,0.9
id06,2024-08-14,2024-08-13,0.11699819853225552,0.8419117889668274,0.1968157577643341,0.9,0.9,0.9,0.8970601376571619
id06,2024-08-15,2024-08-14,0.5187121255181756,0.8025160237444138,0.5012070242470887,0.9,0.9,0.8516554537570079,0.9
id06,2024-08-20,2024-08-19,0.1,0.9,0.23509015189595295,0.9,0.7213283455336764,0.9,0.9
id06,2024-08-21,2024-08-20,0.1,0.9,0.5354492865294035,0.9,0.9,0.9,0.9
id06,2024-08-22,2024-08-21,0.205200072673947,0.7591817015694028,0.5143585707343498,0.9,0.9,0.9,0.8652033622076122
id06,2024-08-23,2024-08-22,0.14774209924396953,0.8054419040919579,0.428852114663784,0.9,0.9,0.9,0.7928547646771101
id06,2024-08-24,2024-08-23,0.1,0.8592219961956346,0.8866442892904124,0.9,0.9,0.9,0.9
id06,2024-08-25,2024-08-24,0.17376292948022196,0.672210016636951,0.8028576306450688,0.9,0.9,0.9,0.9
id07,2024-07-14,2024-07-13,0.5092242170346145,0.3982192515510096,0.7425960170913573,0.5805113645750924,0.8037254205345233,0.9,0.5622053030344484
id07,2024-07-15,2024-07-14,0.5977698445185615,0.8951483144053193,0.9,0.9,0.9,0.9,0.9
id07,2024-07-16,2024-07-15,0.3664648511017445,0.6707414298027621,0.6885682743025299,0.5352175864243337,0.9,0.84901358681576,0.16374523207035413
id07,2024-07-17,2024-07-16,0.3351484498880728,0.1,0.6574715220466131,0.9,0.9,0.9,0.15602928192039267
id07,2024-07-18,2024-07-17,0.8099598988612636,0.5038263539407606,0.41285203106676877,0.9,0.8832930523946874,0.7710334471311597,0.18322914968330276
id07,2024-07-19,2024-07-18,0.5811522898539238,0.41652616576318124,0.5778384816461511,0.9,0.8671974514055061,0.9,0.293624409374252
id07,2024-07-20,2024-07-19,0.6758788532782504,0.1,0.6357706762997652,0.8219360209005803,0.8139579376748914,0.9,0.5433443143933534
id07,2024-07-21,2024-07-20,0.7920779148166095,0.7226096685040566,0.6771876233984804,0.9,0.9,0.9,0.7064175205292857
id07,2024-07-22,2024-07-21,0.7801797338763848,0.11423963822648589,0.8775624056593608,0.9,0.9,0.9,0.9
id07,2024-07-23,2024-07-22,0.5229879647602096,0.6060049606149465,0.301716151342781,0.7801577925501026,0.9,0.9,0.30206707481042494
id07,2024-07-24,2024-07-23,0.1,0.594645832530595,0.263287749039265,0.8775762803881892,0.9,0.9,0.4924890308571595
id07,2024-07-25,2024-07-24,0.32926416391601354,0.26390934927098175,0.35941908436596104,0.5575655112906137,0.7514510380896589,0.9,0.5359870189878148
id07,2024-07-26,2024-07-25,0.4138373103831372,0.7277664223439965,0.2768796862712714,0.9,0.9,0.9,0.41624017527550294
id07,2024-07-27,2024-07-26,0.6919186187301549,0.39894448949628797,0.44015261239468306,0.9,0.9,0.8763831819523888,0.6047181970765431
id07,2024-07-28,2024-07-27,0.13446472276479296,0.2975503646961493,0.9,0.40752814713080476,0.8247817680564299,0.9,0.8143452877562035
id07,2024-08-15,2024-08-14,0.15030195688972958,0.21490639370913145,0.9,0.7985053381049332,0.8631300828764288,0.9,0.7420953625850379
id07,2024-08-16,2024-08-15,0.7506649587172454,0.676532191109056,0.9,0.7773450048028698,0.830613397131712,0.9,0.7319778472147003
id07,2024-08-17,2024-08-16,0.6870383087878098,0.33545747782847796,0.5777022233480247,0.872203915697024,0.8730545620915905,0.9,0.6610410817026185
id07,2024-08-18,2024-08-17,0.8950038965049275,0.6970028977111992,0.8927758397834114,0.4013822145416368,0.5434429072637708,0.9,0.45265093511084703
id07,2024-08-20,2024-08-19,0.5034397789717524,0.4672999437889115,0.18997578390545447,0.49970620716182085,0.7545601893785268,0.9,0.20156268871551306
id07,2024-08-21,2024-08-20,0.6033456240077455,0.2660098873765331,0.8048545407773631,0.8772238877067864,0.8091936267243086,0.9,0.4909411698729851
id07,2024-08-23,2024-08-22,0.7418689508560845,0.8980399155465527,0.8022984155368275,0.857338556190304,0.8227192212177332,0.9,0.3411035799290402
id07,2024-08-25,2024-08-24,0.9,0.6614439348463882,0.9,0.9,0.8704852890455427,0.9,0.9
id07,2024-08-26,2024-08-25,0.733492108068794,0.7386329786739206,0.502255485174885,0.9,0.9,0.7795892338312704,0.8146495210458637
id07,2024-08-27,2024-08-26,0.33971830109661894,0.3843011777502707,0.5491270850184924,0.9,0.9,0.9,0.49898174508965665
id07,2024-08-28,2024-08-27,0.5601055115445371,0.37455955353782,0.29941432068589463,0.9,0.9,0.6321472756033353,0.6763734106356291
id07,2024-08-29,2024-08-28,0.3457927140158923,0.4834280953536684,0.6660591301373664,0.2557266229242233,0.9,0.8410618722718205,0.6833367321512018
id07,2024-08-30,2024-08-29,0.6909393181582638,0.3100595513775204,0.8653613029073409,0.9,0.9,0.3756420697665612,0.6133582129288013
id07,2024-09-01,2024-08-31,0.7420440229110008,0.10057812246705772,0.6932732054361542,0.9,0.9,0.282893309496012,0.9
id07,2024-09-02,2024-09-01,0.8088964386301466,0.79402227942296,0.9,0.9,0.7044709718607204,0.7407175378112294,0.6290012153269653
id08,2024-08-01,2024-07-31,0.3232229476345571,0.8716834161040029,0.1,0.1714512819553283,0.9,0.6122509712659655,0.8593556054983476
id08,2024-08-03,2024-08-02,0.38593111556538257,0.9,0.23760942939053958,0.6221682545547996,0.8656329174582261,0.5061910107990318,0.7891738054366588
id08,2024-08-06,2024-08-05,0.4594302324035082,0.8505527274907715,0.1,0.10971809269882173,0.8984276457126228,0.6367835754086048,0.8382743687785622
id08,2024-08-07,2024-08-06,0.35697267623035683,0.9,0.39552790297413226,0.1511760579950818,0.8532160456481553,0.8805550824467843,0.7365627100418368
id08,2024-08-08,2024-08-07,0.2950856310530634,0.6268153279903745,0.14093765121636997,0.11430139700644665,0.8563654996013924,0.7418644023996062,0.8939295191005815
id08,2024-08-09,2024-08-08,0.11119107740341314,0.9,0.13076658355087498,0.11196017136315457,0.7321214722557396,0.34179268880056984,0.7148472780044118
id08,2024-08-10,2024-08-09,0.43094611184937115,0.815398440552322,0.1,0.7103337008248458,0.9,0.9,0.4103690725603201
id08,2024-08-11,2024-08-10,0.5711166068349324,0.8135238689907047,0.9,0.7230880797038062,0.8812146366276361,0.6332939589665949,0.5327406276489299
id08,2024-08-13,2024-08-12,0.5837339110158474,0.5877765570410589,0.12750482964760296,0.32345762858499694,0.3092361691783097,0.513803838141268,0.8876553203667991
id08,2024-08-14,2024-08-13,0.1344092862659038,0.7558217027755159,0.16294505600100342,0.18071604767298566,0.656525325753077,0.49815702532078776,0.7286014388337299
id08,2024-09-05,2024-09-04,0.1272381965013272,0.9,0.2834330021979754,0.1,0.3812449658881259,0.60762896441363,0.6438491962981144
id08,2024-09-07,2024-09-06,0.49830123179772606,0.3962110905487454,0.13314750091021288,0.5744764870458331,0.8611000725901048,0.600008801007692,0.9
id08,2024-09-09,2024-09-08,0.48955777398072337,0.795309028484017,0.5258764726541608,0.516541595321119,0.7785214512380152,0.6775241077620837,0.8154710771444301
id08,2024-09-10,2024-09-09,0.5398761477042332,0.8073076758845754,0.10285290782325872,0.6951968301330322,0.8165897972642759,0.1803229849374014,0.9
id08,2024-09-11,2024-09-10,0.34963991276960205,0.8012631868144479,0.18847735869339466,0.12465103253169481,0.7475910341841309,0.4668922995938118,0.6020812395344641
id08,2024-09-14,2024-09-13,0.1,0.555931218521452,0.10243602390269194,0.1,0.5817677496911384,0.5229368854423976,0.7373944715014825
id08,2024-09-15,2024-09-14,0.11988594096108823,0.3405280501462432,0.4190022447951118,0.18515872886873327,0.4370503980860099,0.5280230857053355,0.31075521913525533
id08,2024-09-18,2024-09-17,0.13081529602809597,0.9,0.464983992989164,0.12031714313849656,0.8141114366419767,0.6127163183557144,0.9
id08,2024-09-20,2024-09-19,0.22668299031761915,0.7379888905634284,0.3251627970245523,0.1404054646146108,0.8919705038077949,0.5153488139780422,0.9
id09,2024-08-06,2024-08-05,0.4162996871556378,0.5250809856684656,0.711682979268482,0.28956193395598057,0.6778320071591455,0.8581554958015999,0.6363754517659677
id09,2024-08-07,2024-08-06,0.320001697106953,0.2765433930638393,0.4447356876488212,0.13907918095403432,0.9,0.8264929900590874,0.9
id09,2024-08-08,2024-08-07,0.8088727249439671,0.5297399890344868,0.6278242484775934,0.9,0.6044032285084435,0.5395436998546038,0.4928321154144542
id09,2024-08-09,2024-08-08,0.1626902542401426,0.6459972108983757,0.8291987488188395,0.601101430362776,0.7998829893392967,0.7812221062341922,0.6329295006020488
id09,2024-08-10,2024-08-09,0.747853409197573,0.8140675446346306,0.9,0.9,0.9,0.8736225994656409,0.2279553812870657
id09,2024-08-11,2024-08-10,0.8896786303201939,0.5233401342228554,0.6851005218280464,0.9,0.9,0.30242987337602445,0.4092249957212279
id09,2024-08-12,2024-08-11,0.3052800226059913,0.7145152206441603,0.7436243718289165,0.6286953732432641,0.5650259403902559,0.9,0.2651608227919884
id09,2024-08-13,2024-08-12,0.27229942080404285,0.405447139148709,0.5721890253661457,0.6351689268959693,0.8361752909696367,0.8936038301139261,0.42950226685240284
id09,2024-08-14,2024-08-13,0.2590149772470949,0.30370042595053226,0.544027642041695,0.2018672199789999,0.8576991365656691,0.9,0.7155566125387214
id09,2024-08-15,2024-08-14,0.4114854557857942,0.6273140639817962,0.9,0.535580843583507,0.8947895242115554,0.9,0.4981975131633498
id09,2024-08-16,2024-08-15,0.7279176133288694,0.4810088317956818,0.10303222155219956,0.9,0.9,0.590871793988881,0.32864435807352627
id09,2024-08-17,2024-08-16,0.899458207040437,0.657637749446794,0.8019166657945442,0.8715800947755571,0.9,0.7696653710868651,0.41524050612004176
id09,2024-08-19,2024-08-18,0.3812789614539676,0.7486758006337401,0.8088060054423448,0.8636365028122871,0.6633238702110007,0.864195996928102,0.5654066571455273
id09,2024-08-21,2024-08-20,0.15109756761425974,0.3522585317231527,0.36299042652206764,0.8063750140102169,0.9,0.9,0.25967555136292364
id09,2024-09-05,2024-09-04,0.8608690514974073,0.7863608495949228,0.9,0.826317243002,0.6930069379460497,0.2818394058710522,0.7885343251265873
id09,2024-09-07,2024-09-06,0.6276496873648751,0.883312363887733,0.11286074042898864,0.9,0.5637440488711362,0.2687972930845087,0.5082678002720609
id09,2024-09-08,2024-09-07,0.8228661477684396,0.7293436710690012,0.614879753520716,0.5861792808841911,0.6931576960363328,0.534977053906067,0.6382600630969893
id09,2024-09-09,2024-09-08,0.7260931424622135,0.7439502174507004,0.7190139008805548,0.7804273964642456,0.7043103010551296,0.500180435853259,0.7761039281552218
id09,2024-09-10,2024-09-09,0.5819448272377818,0.8421717510192522,0.5725264080238276,0.5911003414019033,0.7615924085495983,0.8960370031732781,0.7567404788767738
id09,2024-09-11,2024-09-10,0.7455262071941229,0.7323821956162375,0.8247182934009942,0.6837347221882375,0.5677611292952419,0.5757549514746403,0.33833200772028504
id09,2024-09-13,2024-09-12,0.1,0.8708903273858429,0.7747553249625517,0.4338463020634258,0.5397402150049718,0.26602361397176433,0.68417691145219
id09,2024-09-14,2024-09-13,0.25285016418818645,0.7801684297393553,0.6038248375509955,0.7014067420799827,0.7449846688774656,0.22035323490473543,0.3035014481556531
id09,2024-09-16,2024-09-15,0.9,0.6481204415016009,0.5799023522576139,0.7336374558009704,0.26719610721038795,0.34040565124592637,0.6968308227113401
id09,2024-09-19,2024-09-18,0.7594981434626452,0.7304256534616971,0.8081017356690361,0.2772968578440694,0.6236981231339785,0.6662559534391005,0.5169588287485722
id09,2024-09-20,2024-09-19,0.16582224083263447,0.6166728022506988,0.8835629443868911,0.5221259411119625,0.8610269629119434,0.4557061713478489,0.8111820191022231
id09,2024-09-21,2024-09-20,0.613900257431751,0.8840602614526506,0.7868796278613261,0.9,0.6042829392616448,0.45273065179949856,0.3811697745659967
id09,2024-09-22,2024-09-21,0.9,0.7712013904423316,0.6191407261024875,0.9,0.4566286651160064,0.23519368557753415,0.4396316152584811
id10,2024-08-05,2024-08-04,0.5468387753740788,0.7123621039625706,0.6644975273956888,0.39085762594232765,0.16678223512943707,0.534908009497557,0.9
id10,2024-08-06,2024-08-05,0.2105563289945624,0.3385708298183823,0.575219677731976,0.28334805837931815,0.12322827075415166,0.46785960257437353,0.7000012859965841
id10,2024-08-07,2024-08-06,0.36178650512789334,0.4203696387630845,0.6198823238512172,0.14764580389086515,0.2033453734101983,0.36480291067454673,0.9
id10,2024-08-08,2024-08-07,0.136430188133803,0.6058198286250517,0.5501941251790273,0.12669518762037862,0.10437568148030327,0.29319207150983934,0.7356590812119367
id10,2024-08-11,2024-08-10,0.45185967664748583,0.7645717220765261,0.734614014974082,0.46720978150678355,0.1,0.4425066458646798,0.8740034338223788
id10,2024-08-14,2024-08-13,0.1,0.1,0.5927545855620951,0.1,0.13839168132632418,0.9,0.9
id10,2024-08-17,2024-08-16,0.807133358194801,0.2225333678270937,0.3990377324051275,0.9,0.13993689809648424,0.8763190768539943,0.6140848546352432
id10,2024-08-18,2024-08-17,0.2885236704173121,0.7557095318958238,0.8135582800806822,0.4401999039395717,0.22739699265563845,0.650937243410357,0.8447643141848239
id10,2024-08-19,2024-08-18,0.30973979899434945,0.6395600845397164,0.7687431829017111,0.7014577767776272,0.16759698093450182,0.9,0.8733552599361224
id10,2024-08-20,2024-08-19,0.16237935214886273,0.4116803598767883,0.5881314871197717,0.36450785835394367,0.2642098051440801,0.9,0.897073896642501
id10,2024-08-23,2024-08-22,0.4156236995769871,0.7652028701104076,0.6558326231306397,0.6904402569861211,0.11180391680646515,0.9,0.7795547058334682
id10,2024-09-16,2024-09-15,0.37435799845039985,0.3798597234330127,0.8654936662846778,0.4408475992811277,0.3099410855371066,0.3843329979710023,0.9
id10,2024-09-17,2024-09-16,0.707966996336411,0.2591095572540307,0.85201945997559,0.7224716407883164,0.3349157497607995,0.6798381373533091,0.9
id10,2024-09-18,2024-09-17,0.4901548287270824,0.43443544374533993,0.8388962155475578,0.1810658823825291,0.26793645387226656,0.3933633336853906,0.9
id10,2024-09-19,2024-09-18,0.6537914750795786,0.36663538357693765,0.8287555169577698,0.3697639778536482,0.3707621271934077,0.8608246041559537,0.6713321111106307
id10,2024-09-20,2024-09-19,0.17371585272597428,0.193899478421292,0.5259205646952033,0.1,0.38266934833883065,0.5334642254322135,0.9
id10,2024-09-21,2024-09-20,0.8043430716803421,0.39360351490818707,0.6168116139255215,0.6164012294747745,0.26931191928256465,0.5140788369378065,0.6900505305422802
id10,2024-09-22,2024-09-21,0.7415216235760819,0.5833737729128909,0.8378277368255537,0.7041674236645784,0.1814428801154201,0.30937290219765695,0.3503986833803976
id10,2024-09-23,2024-09-22,0.30863006447885016,0.678262159835767,0.5014817414960463,0.6201026341309954,0.203770132558659,0.6358368931064988,0.34910185315516473
id10,2024-09-25,2024-09-24,0.7076560201036008,0.5291377053343149,0.2664939095941672,0.3023300359209554,0.15790202143819354,0.5814338308629334,0.10929405930739176
id10,2024-09-26,2024-09-25,0.1,0.30381917525801516,0.4349329451606686,0.13473180447792676,0.2461503972877785,0.6187899954318988,0.5616684289112711
id10,2024-09-27,2024-09-26,0.24070831635157794,0.40351266195320534,0.673078473614431,0.27999637218409984,0.1058173571478119,0.46247930532442283,0.3289426029802903
